video_id,title,description,label,url
UrsmFxEIp5k,Python Tutorial For Beginners in Hindi | Complete Python Course üî•,"Exciting News! I've just launched my Data Science Course ‚Äì and it's now in Early Bird Access! If you loved this Python course, ...",1,https://youtube.com/watch?v=UrsmFxEIp5k
_uQrJ0TkZlc,Python Full Course for Beginners,"Learn Python for AI, machine learning, and web development with this beginner-friendly course! Get 6 months of PyCharm ...",1,https://youtube.com/watch?v=_uQrJ0TkZlc
kqtD5dpn9C8,Python for Beginners - Learn Coding with Python in 1 Hour,"Learn Python basics in just 1 hour! Perfect for beginners interested in AI and coding. ‚ö° Plus, get 6 months of PyCharm FREE with ...",1,https://youtube.com/watch?v=kqtD5dpn9C8
qwAFL1597eM,Python Tutorial for Beginners (with mini-projects),Learn Python programming in this complete course for beginners. This tutorial features mini-projects throughout so you can put ...,1,https://youtube.com/watch?v=qwAFL1597eM
t8pPdKYpowI,Python Tutorial for Beginners - Learn Python in 5 Hours [FULL COURSE],Grab your free IT Fundamentals Roadmap: https://bit.ly/3GV5Noy Hands-On course to learn the complete SDLC - from code to ...,1,https://youtube.com/watch?v=t8pPdKYpowI
rfscVS0vtbw,Learn Python - Full Course for Beginners [Tutorial],This course will give you a full introduction into all of the core concepts in python. Follow along with the videos and you'll be a ...,1,https://youtube.com/watch?v=rfscVS0vtbw
b093aqAZiPU,üë©‚Äçüíª Python for Beginners Tutorial,"In this step-by-step Python for beginner's tutorial, learn how you can get started programming in Python. In this video, I assume ...",1,https://youtube.com/watch?v=b093aqAZiPU
q2-pnQffZik,Learn Python for FREE in 2025,Learn Python for FREE in 2025 #coding #compsci #python #fyp Source: TikTok (individualkex),1,https://youtube.com/watch?v=q2-pnQffZik
nluUYtejoIE,Python Basics: Your FIRST Program in Under a Minute! üöÄ,"In this quick tutorial, I'll show you how to write your very first line of Python code: the classic ""Hello, World!"" ‚ú® Whether you're a ...",1,https://youtube.com/watch?v=nluUYtejoIE
Z1Yd7upQsXY,Python Tutorial for Absolute Beginners #1 - What Are Variables?,Learn Python programming with this Python tutorial for beginners! Tips: 1. Here is the playlist of this series: https://goo.gl/eVauVX ...,1,https://youtube.com/watch?v=Z1Yd7upQsXY
W-8j4MrsX2s,Amazing Flower Design using Python turtle üê¢ #python #coding #funny #viral #trending #design,Python Projects for Begineers Python Turtle Programming with Turtle Turtle Graphics Drawing with Python Turtle Python Turtle ...,1,https://youtube.com/watch?v=W-8j4MrsX2s
yZl5FJ3ChkI,Python Roadmap For Beginners (Step By Step),"If I was a beginner learning to code, I would use this Python roadmap step by step for beginners #coding #codingforbeginners ...",1,https://youtube.com/watch?v=yZl5FJ3ChkI
Sl4zqWLC9Xw,Fastest way to learn Python #coding #python #programming,Fastest way to learn Python . ‚ù£Ô∏è Save for later and subscribe for more! . For more content like this: ...,1,https://youtube.com/watch?v=Sl4zqWLC9Xw
g9fIWtSexLs,ALL Python Programmers Should Know This!! #python #programming #coding,Join the Byte Club to practice your Python skills! ($2.99/mo): ...,1,https://youtube.com/watch?v=g9fIWtSexLs
80yIVH2aOy0,python programming|python for beginners|python full course,"python programming|python for beginners|python full course @monuinstitute python tutorial, learn python, python basics, ...",1,https://youtube.com/watch?v=80yIVH2aOy0
VN9Y-E-umwE,Python 3.14 is INSANE üíªüêç,,1,https://youtube.com/watch?v=VN9Y-E-umwE
GfWRxr1OBm4,Python Basics: The Best Way to Learn Python Programming (2024),Python Basics: The Best Way to Learn Python Programming (2024) @monuinstitute Some of you asked me about Python ...,1,https://youtube.com/watch?v=GfWRxr1OBm4
fXxUYb0s-pc,Impress your crush using Python Code ‚ù§Ô∏è,Code with explanation is here: https://aitoolz.ai/impress-your-crush-using-python-code/,1,https://youtube.com/watch?v=fXxUYb0s-pc
K5KVEU3aaeQ,Python Full Course for Beginners [2025],"Master Python from scratch No fluff‚Äîjust clear, practical coding skills to kickstart your journey! ‚ù§Ô∏è Join this channel to get ...",1,https://youtube.com/watch?v=K5KVEU3aaeQ
fr1f84rg4Nw,15 Minute Python Tutorial For Beginners In Hindi (Full &amp; Complete Python Crash Course),Python Udemy Course: https://goharry.in/python Get this course at 90% Discount if you use this link Source Code ...,1,https://youtube.com/watch?v=fr1f84rg4Nw
IR2D0rrF2ow,Python in Excel‚ÄºÔ∏è #excel #python,In this video we show a basic function of Python in Excel. ‚Äç   Don't forget to register for a FREE Excel Class at the link below!,1,https://youtube.com/watch?v=IR2D0rrF2ow
EmxXYzX6iEs,How to visualize data with Python in Excel. ü§Ø #excel  #python #tutorial,,1,https://youtube.com/watch?v=EmxXYzX6iEs
WCM65ION4nE,Python Syllabus | Python for Beginners | Complete Python Course #pythonlearning,Learn Python for free from this own pace learning platform https://cramming.arlarse.tech/c/python-for-beginner #python ...,1,https://youtube.com/watch?v=WCM65ION4nE
fWjsdhR3z3c,Learn Python in Less than 10 Minutes for Beginners (Fast &amp; Easy),In this crash course I'll be teaching you the basics of Python in less than 10 minutes. Python is super easy to learn compared to ...,1,https://youtube.com/watch?v=fWjsdhR3z3c
Q6beRnjqU7w,5 sites for learning Python nobody is talking about,Any Python fans here? #shorts #coding #pyton For more #webdesign & #development resources: ‚û¢ Visit Creative Tim ...,1,https://youtube.com/watch?v=Q6beRnjqU7w
IfKlGhRc7Dc,Python Roadmap for Beginners! üêç Learn Python Programming Step-by-Step&quot; #python #conding,"Python Roadmap for Beginners! Learn Python Programming Step-by-Step"" @MissionAdda4 #codingtutorial #pythonroadmap ...",1,https://youtube.com/watch?v=IfKlGhRc7Dc
hEgO047GxaQ,#1 Python Tutorial for Beginners | Introduction to Python,Check out our courses: AI-Powered DevOps with AWS Live Course V2: https://go.telusko.com/ai-devops-v2 Coupon: TELUSKO10 ...,1,https://youtube.com/watch?v=hEgO047GxaQ
QoIRX37VZpo,What is Python? | Python Explained in 2 Minutes For BEGINNERS.,Python is BY FAR the most talked about language in the world of software development! There is no other language that brings as ...,1,https://youtube.com/watch?v=QoIRX37VZpo
P5An-rTtM_k,Amazing Rotating Python Graphics Design using Turtle üê¢ #python #pythonshorts #coding #viral #design,Python Projects for Begineers Python Turtle Programming with Turtle Turtle Graphics Drawing with Python Turtle Python Turtle ...,1,https://youtube.com/watch?v=P5An-rTtM_k
lZ_bMqTqWrs,Python roadmap.üó∫    #python #pythontutorial #coding,"Python Roadmap: Learn Python in 6 Weeks! Want to master Python in just 6 weeks? This roadmap will guide you step by step, ...",1,https://youtube.com/watch?v=lZ_bMqTqWrs
VNOz6vEHjEY,How to learn python in mobile #viral #python #tutorial #code,Download the Python Tutorial App here: https://play.google.com/store/apps/details?id=com.codeliber.python how to learn python ...,1,https://youtube.com/watch?v=VNOz6vEHjEY
oAkLSJNr5zY,Python Tutorial: AsyncIO - Complete Guide to Asynchronous Programming with Animations,"In this video, we'll be learning all about AsyncIO in Python and how to write asynchronous code using the async/await syntax.",1,https://youtube.com/watch?v=oAkLSJNr5zY
5B41CPvYMjY,The Ultimate Python Roadmap: From Beginner to Expert in 2025!,The Ultimate Python Roadmap: From Beginner to Expert in 2025! Do you want to embark on an exciting journey into the world of ...,1,https://youtube.com/watch?v=5B41CPvYMjY
Ro_MScTDfU4,Learn Python in Only 30 Minutes (Beginner Tutorial),In this video I'm going to be teaching you the core concepts that you need to know to get started with using Python. ‚ñ∑ Become ...,1,https://youtube.com/watch?v=Ro_MScTDfU4
ygXn5nV5qFc,Python for AI - Full Beginner Course,"Learn Python from scratch and start building real AI applications. This is the fastest, beginner-friendly course Python for AI ...",1,https://youtube.com/watch?v=ygXn5nV5qFc
iJ9HRfdUjdk,üéØTop 5 YouTube Channels for Python Programming | Python for Beginners‚úÖ #shorts #sunstone #python,Apply now in 25+ colleges across India: https://app.sunstone.in/e/2025_Youtube_Leads Top 5 YouTube Channels for Python ...,1,https://youtube.com/watch?v=iJ9HRfdUjdk
eaMDDseIL7E,How to create graphics using Python turtle üêçüê¢ #coding,This tutorial will create colorful graphics using the python turtle library. Let's have some fun by making some excellent graphics in ...,1,https://youtube.com/watch?v=eaMDDseIL7E
HakXpkXcjdI,Learn Python in 2 Hours | Amit Thinks | Python Tutorial for Beginners,Learn Python in 2 hours. The course consists of 20 lessons with 150+ live running examples. Below topics covered in this Python ...,1,https://youtube.com/watch?v=HakXpkXcjdI
lBBizu9e9tU,To Calculate factorial of number in python ( python for beginners ),programming #pattern #pythontutorial #youtubeshorts #youtube #pythonprogramming #factorial #numberseries ...,1,https://youtube.com/watch?v=lBBizu9e9tU
YYXdXT2l-Gg,Python Tutorial for Beginners 1: Install and Setup for Mac and Windows,"In this Python Beginner Tutorial, we will start with the basics of how to install and setup Python for Mac and Windows. We will also ...",1,https://youtube.com/watch?v=YYXdXT2l-Gg
O4ZzNewqGYQ,Day 1 of 15 Days Python Tutorial üöÄ | How to Install Python &amp; VS Code #pythontutorial #learnpython,Learn Python in Just 15 Days ‚Äì Complete Beginner-Friendly Series! Welcome to the 15 Days Basic Python Tutorial ‚Äì the fastest ...,1,https://youtube.com/watch?v=O4ZzNewqGYQ
fHk-U1cyYmM,Print the given pattern in python? ( python for beginners ),programming #pattern #cprogramming #pythonprogramming #pythontutorial #youtubeshorts #youtube #youtuber ...,1,https://youtube.com/watch?v=fHk-U1cyYmM
dZ8VrmzYL2A,Pygame - Display Image in Pygame python || Pygame python tutorial #python #pygame,Pygame - Display image pygame in python || How to make game using python #shorts #trending #tutorials #python ...,1,https://youtube.com/watch?v=dZ8VrmzYL2A
mC4nyib2sfg,How I Would Learn Python FAST (if I could start over),If I had to learn Python again from scratch.. and learn it FAST - this is exactly how I'd do it. After teaching myself Python in just two ...,1,https://youtube.com/watch?v=mC4nyib2sfg
tJ39Bf4OvrI,Python code in hindi for beginners|apna college|python tutorial for beginners.,Python code in hindi for beginners|apna college|python tutorial for beginners. @monuinstitute Python is one of the most ...,1,https://youtube.com/watch?v=tJ39Bf4OvrI
m67-bOpOoPU,Python Tutorial - Python Full Course for Beginners in Tamil,Join our Live 4 Month Job-Ready BOOTCAMPS: Full Stack Development ‚Äì Build web apps from scratch ...,1,https://youtube.com/watch?v=m67-bOpOoPU
vMV1s-1BKvc,Python courses for Beginners (FREE),,1,https://youtube.com/watch?v=vMV1s-1BKvc
yymyLXPbP1Y,How to become a Senior developer.. ‚ô•Ô∏è üòÇ #programming #javascript #python #coding #developer #coder .,How to become a Senior developer.. ‚ô•Ô∏è #programming #javascript #python #coding #developer #coder .#coding ...,1,https://youtube.com/watch?v=yymyLXPbP1Y
6i3e-j3wSf0,Python Tutorial for Beginners with VS Code üêç,Web Dev Roadmap for Beginners (Free!): https://bit.ly/DaveGrayWebDevRoadmap In this Python tutorial for beginners with VS ...,1,https://youtube.com/watch?v=6i3e-j3wSf0
hX8yjxTPbR8,Python is getting 5x FASTER üë©‚Äçüíª #programming #technology #software #tech #code #python,,1,https://youtube.com/watch?v=hX8yjxTPbR8
EerdGm-ehJQ,JavaScript Tutorial Full Course - Beginner to Pro,"Get a certificate for this course: https://courses.supersimple.dev/courses/javascript or Frontend Bundle (React, JS, HTML CSS): ...",1,https://youtube.com/watch?v=EerdGm-ehJQ
PkZNo7MFNFg,Learn JavaScript - Full Course for Beginners,This complete 134-part JavaScript tutorial for beginners will teach you everything you need to know to get started with the ...,1,https://youtube.com/watch?v=PkZNo7MFNFg
W6NZfCO5SIk,JavaScript Course for Beginners ‚Äì Your First Step to Web Development,"Learn JavaScript basics with this quick, beginner-friendly course! ‚ö° Perfect for new coders ready to build real skills and start ...",1,https://youtube.com/watch?v=W6NZfCO5SIk
hdI2bqOjy3c,JavaScript Crash Course For Beginners,"In this crash course we will go over the fundamentals of JavaScript including more modern syntax like classes, arrow functions, etc ...",1,https://youtube.com/watch?v=hdI2bqOjy3c
mc0s-viF7q4,Learning JavaScript for the First Time After HTML and CSS,Like and comment if this was you when you first started learning JavaScript     Video Credit: zavierlowe on tiktok #shorts.,1,https://youtube.com/watch?v=mc0s-viF7q4
TjjKcgtlsY8,JavaScript Speed Course - Learn JavaScript in ~75 Minutes,This JavaScript Speed course will teach you JavaScript as efficiently as possible in about 75 minutes. Checkout this free resource ...,1,https://youtube.com/watch?v=TjjKcgtlsY8
jS4aFq5-91M,JavaScript Programming - Full Course,Learn JavaScript from scratch by solving over a hundred different coding challenges. Go here for the interactive browser version: ...,1,https://youtube.com/watch?v=jS4aFq5-91M
jNgppRzIaMc,How to master javascript,How to master javascript.,1,https://youtube.com/watch?v=jNgppRzIaMc
Flfw0V8nZCY,The Complete JavaScript Course 2025,This complete JavaScript course is all you need to master JavaScript in just 3.5 hours! Want to master advanced JavaScript ...,1,https://youtube.com/watch?v=Flfw0V8nZCY
Zi-Q0t4gMC8,JavaScript Course for Beginners,Learn how to use the JavaScript programming language. This beginner's tutorial will teach you all the basics of JavaScript and ...,1,https://youtube.com/watch?v=Zi-Q0t4gMC8
lkIFF4maKMU,100+ JavaScript Concepts you Need to Know,The ultimate 10 minute JavaScript course that quickly breaks down over 100 key concepts every web developer should know.,1,https://youtube.com/watch?v=lkIFF4maKMU
fGQckyRlAOY,JavaScript Coding Interview Question | @ApnaCollegeOfficial,coding #interview #javascript #shorts.,1,https://youtube.com/watch?v=fGQckyRlAOY
voLJ3CmaM1s,Learn JavaScript in 60 Minutes: The Ultimate Beginner Course!,JavaScript Course for Absolute Beginners | Coding2GO JS Tutorial Get our JavaScript complete course here: ...,1,https://youtube.com/watch?v=voLJ3CmaM1s
ha_leEpnT30,JavaScript Backend Course - Express.js &amp; Node.js in 24 Minutes,"In this video, you'll learn how to set up an Express server from scratch, create routes, handle JSON data, connect a small front-end ...",1,https://youtube.com/watch?v=ha_leEpnT30
lfmg-EJ8gm4,JavaScript Full Course for free üåê,javascript #tutorial #course ‚≠êTime Stamps‚≠ê #1 00:00:00 JavaScript tutorial for beginners #2 00:12:32 Variables #3 ...,1,https://youtube.com/watch?v=lfmg-EJ8gm4
8FhN2-aahVE,Master JavaScript in 7 Hours (2025) üöÄ | From Zero to Hero | Tamil,"Learn JavaScript from the ground up ‚Äî covering every concept, from variables and functions to DOM, async programming, and ...",1,https://youtube.com/watch?v=8FhN2-aahVE
2md4HQNRqJA,Welcome to new JavaScript course,"Welcome to a youtube channel dedicated to programming and coding related tutorials. We talk about tech, write code, discuss ...",1,https://youtube.com/watch?v=2md4HQNRqJA
a-wVHL0lpb0,JavaScript Full Course | JavaScript - Learn Everything | Sheryians Coding School,"Learn everything about JavaScript in this full course, from the absolute basics to advanced concepts, explained in the simplest ...",1,https://youtube.com/watch?v=a-wVHL0lpb0
VoKFyB1q4fc,JavaScript explained in just 7 Minutes!,Learn JavaScript Basic in 7 Minutes ‚ö°| The Ultimate Beginner's Guide for Web Development Struggling with JavaScript? Feeling ...,1,https://youtube.com/watch?v=VoKFyB1q4fc
QdI6RgZaLEs,Charlie Chaplin with html and css| javascript full course| code with harry| #html #css #coding,"Charlie Chaplin with html and css| javascript full course| code with harry| #html #css #coding chai or code, code with harry, ...",1,https://youtube.com/watch?v=QdI6RgZaLEs
D_Zj9RKYXsE,JavaScript FULL Course for Beginner to PRO in 14 Hours (Projects + Questions),JavaScript FULL Course for Beginner to PRO in 14 Hours (Projects + Questions) Whether you're taking your very first shot at ...,1,https://youtube.com/watch?v=D_Zj9RKYXsE
xB3ZmUH6GqU,How to Learn JavaScript FAST in 2025,"If you want to get an easy introduction to JavaScript to help you take your code to the next level, check out this free resource from ...",1,https://youtube.com/watch?v=xB3ZmUH6GqU
XKYMGepj7Y8,Python full course | javascript full course | code with harry | #coding #shorts #shortsvideo,"Stay updated with the latest in programming and technology! In today's video, we'll dive into [Topic of the Short, e.g., ""Python AI ...",1,https://youtube.com/watch?v=XKYMGepj7Y8
5XaCpNWRB_Q,Typescript vs Javascript Check out the Link in Bio for free live Masterclass#coding #programming #ad,bit.ly/SCALER_EZsnippet3 @SCALER.,1,https://youtube.com/watch?v=5XaCpNWRB_Q
EfAl9bwzVZk,JavaScript Full Course for Beginners | Complete All-in-One Tutorial | 8 Hours,Web Dev Roadmap for Beginners (Free!): https://bit.ly/DaveGrayWebDevRoadmap This JavaScript Full Course for Beginners is ...,1,https://youtube.com/watch?v=EfAl9bwzVZk
FtaQSdrl7YA,JavaScript Tutorial for Beginners [JS Crash Course],Grab your free IT Fundamentals Roadmap: https://bit.ly/43jGWnd JavaScript Tutorial for Beginners - Full JavaScript Course to ...,1,https://youtube.com/watch?v=FtaQSdrl7YA
SjQN-Ie0xQc,Fastest way to learn javascript coding and get a job #frontenddeveloper #javascript #fresherjobs,"Do like, share and comment ‚ù§Ô∏è Share it with your Friends ‚ù§Ô∏è Also, Like and share ‚ù§Ô∏è Like Aim 500 likes! ‚ù§Ô∏è ‚ù§Ô∏è Book 1 ...",1,https://youtube.com/watch?v=SjQN-Ie0xQc
JrKaflwTPXE,Learn JavaScript Full Course Part 1: 12 Hours of Mastery #javascript #shorts,javascriptcourse #learnjavascript #programmingtutorial Ready to become a JavaScript pro? Dive into this 12-hour comprehensive ...,1,https://youtube.com/watch?v=JrKaflwTPXE
_cBM_bXbcCQ,JavaScript Interview Questions and Answers,In this video Faisal Nadeem shared 10 most important javascript interview questions and answers. This video covers the ...,1,https://youtube.com/watch?v=_cBM_bXbcCQ
qC-Yadx3O4A,Simple JavaScript Basics #javascript #code #tutorial #javascriptdeveloper,Tips & Tricks ‚≠ê JavaScript Basics: Noob vs. Pro Code for Checking Even Numbers Interested in learning more advanced ...,1,https://youtube.com/watch?v=qC-Yadx3O4A
VlPiVmYuoqw,"JavaScript Tutorial (2024) for Beginners to Pro (with Notes, Projects &amp; Practice Questions)",Notes available at : https://drive.google.com/drive/folders/1wfNTKinBAV6CCxaI5lfSnnRFAYpy0uEl?usp=share_link Code for ...,1,https://youtube.com/watch?v=VlPiVmYuoqw
1aR7tcmWo_w,Part 2 ‚Äì Master JavaScript &amp; Become a Real Developer | Full Course,Learn how to become a JavaScript Developer in this second part of our full JavaScript series. From mastering the DOM to ...,1,https://youtube.com/watch?v=1aR7tcmWo_w
hKB-YGF14SY,JavaScript Tutorial In Hindi,00:00 ‚Äì Video Introduction 01:10 ‚Äì JavaScript Introduction 02:43 ‚Äì Basics of JavaScript 04:55 ‚Äì Coding First Line of JavaScript ...,1,https://youtube.com/watch?v=hKB-YGF14SY
UHW4krKpiQc,"JavaScript Interview Questions, JavaScript Telugu, JavaScript Tutorial For Beginners, JS Tutorial","javascript, js, javascript full course, js interview questions, js interview, react js interview, javascript tutorial for beginners, javascript ...",1,https://youtube.com/watch?v=UHW4krKpiQc
ajdRvxDWH4w,JavaScript Full Course ‚ù§Ô∏è | Variables &amp; Data Types | Lecture 1,Instagram : https://www.instagram.com/shradhakhapra/ ‚≠êÔ∏è LinkedIn : https://www.linkedin.com/in/shradha-khapra/ Slides/Notes ...,1,https://youtube.com/watch?v=ajdRvxDWH4w
3PHXvlpOkf4,Build 15 JavaScript Projects - Vanilla JavaScript Course,"Sharpen your JavaScript skills by building 15 projects using plain JavaScript without frameworks. In this tutorial course, you will be ...",1,https://youtube.com/watch?v=3PHXvlpOkf4
Ihy0QziLDf0,JavaScript tutorial for beginners üåê,JavaScript #tutorial #course 00:00:00 introduction 00:01:12 VS Code 00:01:30 website folder 00:02:55 HTML setup 00:04:09 Live ...,1,https://youtube.com/watch?v=Ihy0QziLDf0
OOOfBC1grl0,JavaScript: The Complete Crash Course,Master the fundamentals of modern JavaScript in this comprehensive interactive course. You'll be writing real-world code in ...,1,https://youtube.com/watch?v=OOOfBC1grl0
g7T23Xzys-A,JavaScript Crash Course 2021 - Master JavaScript in One Video!,"JavaScript is one of the most popular languages of 2021, it is easy to learn and it is extremely powerful. In this video, you will learn ...",1,https://youtube.com/watch?v=g7T23Xzys-A
D9NNOHiEnkw,Part 1- Introduction to JavaScript,"Topics: ------------- 1. Introduction to Web Applications 2. Client & Web servers 3. HTML, CSS & JavaScript 4. What is JavaScript?",1,https://youtube.com/watch?v=D9NNOHiEnkw
pN6jk0uUrD8,Namaste JavaScript üôè Course - JS Video Tutorials by Akshay Saini,Namaste JavaScript is a pure in-depth JavaScript Course released for Free on Youtube. It will cover the core concepts of ...,1,https://youtube.com/watch?v=pN6jk0uUrD8
9Sy-hINltQM,JavaScript Tutorial for Beginners | JavaScript Free Course | by Rahul Chaudhary,JavaScript Tutorial for Beginners | JavaScript Free Course | by Rahul Chaudhary #javascript #javascripttutorial ...,1,https://youtube.com/watch?v=9Sy-hINltQM
13gLB6hDHR8,JavaScript Full Course Tutorial for Beginners in Hindiüî•Free Notes with 10+ Projects | P-1,"Become a JavaScript Master in One Video in Hindi Welcome to our complete JavaScript Course Tutorial for Beginners in Hindi, ...",1,https://youtube.com/watch?v=13gLB6hDHR8
_TjtAyMkiTI,Javascript in 1 shot in Hindi part 2,"Visit https://chaicode.com for all related materials, community help, source code etc. 00:00:00 - DOM introduction 00:18:25 - All ...",1,https://youtube.com/watch?v=_TjtAyMkiTI
m55PTVUrlnA,All The JavaScript You Need To Know For React,"In this video I will go over all the JavaScript I believe is necessary for someone starting to learn react. Obviously, the more ...",1,https://youtube.com/watch?v=m55PTVUrlnA
kUghkan-oA0,javascript road map |javascript course for beginners #javascript #coding #js,javascript road map |javascript course for beginners #javascript #coding #js tag title - Day 69: Frontend Interview Questions ...,1,https://youtube.com/watch?v=kUghkan-oA0
ER9SspLe4Hg,Introduction to JavaScript + Setup | JavaScript Tutorial in Hindi #1,Link to the Repl - https://replit.com/@codewithharry/01IntroductiontoJs Join Replit - https://join.replit.com/CodeWithHarry ...,1,https://youtube.com/watch?v=ER9SspLe4Hg
rfObCuGLSek,Complete JavaScript Course  in 1 Video 2024,Find Your Codes here: https://www.codehelp.in/yt-course/web-development.,1,https://youtube.com/watch?v=rfObCuGLSek
dSnNrRsfFec,javascript road map |javascript course for beginners #javascript #coding #js,javascript road map |javascript course for beginners #javascript #coding #js tag title - Day 69: Frontend Interview Questions ...,1,https://youtube.com/watch?v=dSnNrRsfFec
P-fDVxjSXEw,What is Node.js? JavaScript Back-End Tutorial,"In this video, you'll learn how Node.js turns your computer into a real web server ‚Äî and how you can build complete back-ends ...",1,https://youtube.com/watch?v=P-fDVxjSXEw
-s5Kk05X0Jk,maths in bachpan #education #mathematics #mathskills #mathsquiz #bachpan #bache,,1,https://youtube.com/watch?v=-s5Kk05X0Jk
RbU16dlEqGs,Subtraction | Number Line | Subtract Number | Numbers | Creative way of teaching #subtraction #maths,Welcome to Teacher Innovation Ideas üí° Our channel is one of the best place to learn new teaching strategies and methods Our ...,1,https://youtube.com/watch?v=RbU16dlEqGs
q3cyP5sh020,Math tricks on multiplication by 9. #maths #mathshorts #mathtricks #vedicmaths,,1,https://youtube.com/watch?v=q3cyP5sh020
DflY9vacl1s,Easy Math trick to amaze your friends | Fun Trick | Limited to only some specific numbers!,,1,https://youtube.com/watch?v=DflY9vacl1s
MXLU1d0Oe-Y,‡§ö‡§ø‡§®‡•ç‡§π‡•ã ‡§ï‡•á ‡§®‡§ø‡§Ø‡§Æ | Sign Rule For Maths | Basic Math Rules For Plus Minus #shortvideos #viral #ytshorts,"‡§ö‡§ø‡§®‡•ç‡§π‡•ã ‡§ï‡•á ‡§®‡§ø‡§Ø‡§Æ , Sign Rule For Maths , Basic Math Rules For Plus Minus #shortvideos #viral #ytshorts x ‡§ï‡§æ ‡§Æ‡§æ‡§® ...",1,https://youtube.com/watch?v=MXLU1d0Oe-Y
VScM8Z8Jls0,Addition by Counting on - Grade 1,Addition by Counting on video will teach you the Basic Method of Addition Using Fingers!,1,https://youtube.com/watch?v=VScM8Z8Jls0
mjlsSYLLOSE,Basic Math Addition For Kids | Noodle Kidz Pre-K and Kindergarten Educational Video,"Let's learn basic math addition using objects, equation and your fingers. This #BasicAddition video is appropriate for Pre-K and ...",1,https://youtube.com/watch?v=mjlsSYLLOSE
G0Di8DP9f8w,Addition! | Level 1 | Numberblocks,"Welcome to our exciting math lesson - ""Learn All About Addition with Numberblocks""! In this video, we'll be exploring the world of ...",1,https://youtube.com/watch?v=G0Di8DP9f8w
NybHckSEQBI,Algebra Basics: What Is Algebra? - Math Antics,This video gives an overview of Algebra and introduces the concepts of unknown values and variables. It also explains that ...,1,https://youtube.com/watch?v=NybHckSEQBI
NpWiXh_oUfE,Addition Trick |ü¶ãButterfly Method for addition fraction |Fraction Trick #shorts #fraction #tricks,Addition trick|Butterfly Method for addition trick|Fraction trick |#shorts #fraction #tricks Simplification in 2 ‡§∏‡•á‡§ï‡•á‡§Ç‡§° ...,1,https://youtube.com/watch?v=NpWiXh_oUfE
hnzWHBCw2uU,Easy Math Tricks Never Taught in School!  #maths  #mathstricks  #mathematics,"Math can be challenging, but it doesn't have to be. In this video, I show you a method to multiply fractions, which makes ...",1,https://youtube.com/watch?v=hnzWHBCw2uU
KgZIXq04ee8,Grade 2 Math: Addition Solution,Learn how to add 2 two-digit numbers using vertical addition and regrouping.,1,https://youtube.com/watch?v=KgZIXq04ee8
JeVSmq1Nrpw,Math Antics - What Are Percentages?,Learn More at mathantics.com Visit http://www.mathantics.com for more Free math videos and additional subscription based ...,1,https://youtube.com/watch?v=JeVSmq1Nrpw
U0Pq7xcqWnM,Scared of Maths? | Why Do People Get So Anxious About Math? | Fear of Mathematics | Dr Binocs Show,"Mathematical anxiety, also known as math phobia, is a feeling of tension and anxiety that interferes with the manipulation of ...",1,https://youtube.com/watch?v=U0Pq7xcqWnM
5hG8e9jGeaA,Fractions Made EASY!,"No more fraction confusion! Learn how to add, subtract, multiply and divide fractions - easy methods. For more in-depth math help ...",1,https://youtube.com/watch?v=5hG8e9jGeaA
ZygCUtAUWJA,Subtraction for kids | Mathematics for kids | Learn Subtraction |  @AAtoonsKids,Subtraction for kids | Mathematics for kids | Learn Subtraction | @AAtoonsStudy @AAtoonsStudy. AAtoons Kids play N learn ...,1,https://youtube.com/watch?v=ZygCUtAUWJA
DvTL2JkPN1M,Fun 3rd Grade Math Lessons!,"https://www.patreon.com/homeschoolpop 3rd Grade fun, here we come! Join me on this exciting math adventure for third grade ...",1,https://youtube.com/watch?v=DvTL2JkPN1M
ek1JJVYaXxU,Division Practice | Homeschool Pop Math,https://www.patreon.com/homeschoolpop Practice basic division in this fun Homeschool Pop math learning video for kids in early ...,1,https://youtube.com/watch?v=ek1JJVYaXxU
0gi3l3JZ-4k,Addition for Grade 1 | Easy Math Lesson for Kids | Learn to Add Numbers,Let's learn addition the easy way! This Grade 1 math video teaches kids how to add numbers from 1 to 20 with simple examples ...,1,https://youtube.com/watch?v=0gi3l3JZ-4k
igcoDFokKzU,Addition and Subtraction with Dinosaurs - Math for Kids - Math Operations,Educational video for children to learn how to add and subtract in a fun way. This is a compilation of several addition and ...,1,https://youtube.com/watch?v=igcoDFokKzU
BoxvayyRNfU,ADDITION - EASIEST WAY FOR KIDS | MATH QUIZ | Learn to Add |Adding numbers |Teacher Aya Online Tutor,This lesson will help kids how to learn addition in the smartest and easiest way. #addition #addingnumberseasily #learnaddition ...,1,https://youtube.com/watch?v=BoxvayyRNfU
8cR_1Qi-tP4,Meet the Math Facts - Addition &amp; Subtraction Level 1 (FREE) | Preschool Prep Company,Meet the Letters is now FREE for a Limited Time! Learning to add and subtract has never been this easy! Level 1: Sums 0 to 8 ...,1,https://youtube.com/watch?v=8cR_1Qi-tP4
2vZws-8OQxA,How to make math fun for kids at home ‚≠ê Math Practice Question Maker Roller,Product Link Pinned in Comments! üîó üíé Find more - @MaviGadgets ‚Å† üì± Download our mobile app - https://mavigadget.app ...,1,https://youtube.com/watch?v=2vZws-8OQxA
5rSFchkDJbw,Grade 1: Math Lesson #81 Identifying How Many More,Welcome to our online first grade math class. Join me in my garden as I review the numbers 1-5 with produce from my garden.,1,https://youtube.com/watch?v=5rSFchkDJbw
pSH9DVii1iM,Solving for x in x¬≥ - 11 = 53 #Shorts #algebra #math #maths #mathematics #education #learn #learning,,1,https://youtube.com/watch?v=pSH9DVii1iM
iLXNBiGJAGs,&quot;Math Whiz!&quot; Addition Song  /// Danny Go! Kids Learning Songs for Kindergarten,Are you a MATH WHIZ at adding numbers? Sure you are! Watch this upbeat song about addition to practice your skills! Wanna ...,1,https://youtube.com/watch?v=iLXNBiGJAGs
HdU_rf7eMTI,Math Antics - Long Division with 2-Digit Divisors,Learn More at mathantics.com Visit http://www.mathantics.com for more Free math videos and additional subscription based ...,1,https://youtube.com/watch?v=HdU_rf7eMTI
1f8mJin2wB4,Learn Basic Subtraction (Kindergarten) with Ms. Miranda - Math for Kids - FWF,"Hi Friends! Join Lulu and Ms. Miranda as we Learn Math Together doing Basic Subtraction. In this video, we will learn how to ...",1,https://youtube.com/watch?v=1f8mJin2wB4
6t3DMk4-9KU,Fun 2nd Grade Math Lessons!,"https://www.patreon.com/homeschoolpop 2nd Grade fun, here we come! Join me on this exciting math adventure for second ...",1,https://youtube.com/watch?v=6t3DMk4-9KU
xA1XEVWzAYg,Fun 1st Grade Math Lessons!,"https://www.patreon.com/homeschoolpop 1st Grade fun, here we come! Join me on this exciting math adventure for first grade ...",1,https://youtube.com/watch?v=xA1XEVWzAYg
362JVVvgYPE,Fractions! | Mini Math Movies | Scratch Garden,This primary math fractions lesson is all about fractions! Use this video as a great introduction to fractions. Featuring fraction ...,1,https://youtube.com/watch?v=362JVVvgYPE
95GtcWxtyJk,MULTIPLYING NUMBERS (TAGALOG),"Multiplying numbers for beginners. #withoutRegrouping #WITHREGROUPING,",1,https://youtube.com/watch?v=95GtcWxtyJk
TGXIZIe3Nzc,Learn Subtraction | 30 Minutes of Subtraction! | Maths for Kids | @Numberblocks,"It's time to learn all about subtraction with the Numberblocks and have fun! For more, download the official Numberblocks apps; ...",1,https://youtube.com/watch?v=TGXIZIe3Nzc
Js45cR_7wFE,Patterns! | Mini Math Movies | Scratch Garden,"This math video for kids is all about patterns! If you need help identifying patterns, predicting patterns, or practicing patterns, watch ...",1,https://youtube.com/watch?v=Js45cR_7wFE
fU9IN9GsZ9g,#Equation,,1,https://youtube.com/watch?v=fU9IN9GsZ9g
W6L68Yb8Mbs,Cool Multiplication hack that will blow your mind!,"Use this math hack next time you're stumped! For virtual math classes, tutoring, tips, and tricks, head to outschool.comüöÄ Follow us ...",1,https://youtube.com/watch?v=W6L68Yb8Mbs
04nAzvY_FQs,4 Times Table | Learn Multiplication | Multiply by 4 ‚úÖüíØ #maths #education #mathforkids #homeschool,"Learn the 4 Times Table | Easy Multiplication for Kids In this fun and educational video, we will teach you the 4 times table!",1,https://youtube.com/watch?v=04nAzvY_FQs
3BaknPM5l5s,Math Book for Complete Beginners,Here is the book https://amzn.to/3AVeJnJ Useful Math Supplies https://amzn.to/3Y5TGcv My Recording Gear ...,1,https://youtube.com/watch?v=3BaknPM5l5s
ljz0V_NxqWI,Grade 1: Math Lesson #51 Identifying and Locating Numbers On The Hundred Chart,Welcome to our online first grade math class. Join me as we review the 100's chart. This video corresponds to the first grade ...,1,https://youtube.com/watch?v=ljz0V_NxqWI
1SmwBwhvbFk,Meet the Math Facts - Addition &amp; Subtraction Level 2 (FREE) | Preschool Prep Company,Purchase the Books & DVDs here: http://www.preschoolprepco.com/mathfacts Adding and subtracting basic equations by sight is ...,1,https://youtube.com/watch?v=1SmwBwhvbFk
ScW_Svb4mPU,"Math For Kids| Learning with Ms Houston| Counting, Number Lines Number Bonds + more","Learn to count forward and backwards on a number line, identify quantities on a ten frame, sort numbers that do not belong and ...",1,https://youtube.com/watch?v=ScW_Svb4mPU
fEVGJkrpi5I,CRAZY math hack that will blow your mind ü§Ø | Easy percentages trick for kids!,Follow us for more amazing ways to set learning free! Instagram: https://www.instagram.com/outschool/ TikTok: ...,1,https://youtube.com/watch?v=fEVGJkrpi5I
jSL5WNcTtUs,First Grade Math Compilation ‚ûï | Counting for Kids | 1 Hour of Full Episodes | @Numberblocks,"Welcome to our exciting math lesson - ""First Grade Maths Compilation""! In this video, we'll be exploring the world of adding and ...",1,https://youtube.com/watch?v=jSL5WNcTtUs
isjmXDpbuX8,Fun Elementary Math Lessons | Homeschool Pop,"https://www.patreon.com/homeschoolpop This is going to be a blast! Learn the about positive and negative numbers, geometry, ...",1,https://youtube.com/watch?v=isjmXDpbuX8
eDcteTYALgI,Division Tips and Tricks | Easy Division Tricks for Large and Small Numbers üòé,Are you looking to improve your division skills? Check out this trick! This video will teach you how to divide large and small ...,1,https://youtube.com/watch?v=eDcteTYALgI
Nx0SWj1y8jk,"Only for a Genius! Connect 1 to 1, 2 to 2 &amp; 3 to 3 without crossing the lines! #math #youtube",,1,https://youtube.com/watch?v=Nx0SWj1y8jk
A-ai21c50hI,Teaching Tennessee: 6th Grade Math Lesson 3,6th Grade Math Lesson 3: Writing and Evaluating Numerical Expressions.,1,https://youtube.com/watch?v=A-ai21c50hI
7dPj2AU0zLg,When you finally understand a math lesson for once #comedy #skit #relatable #pov,,1,https://youtube.com/watch?v=7dPj2AU0zLg
j_gXbum8EH0,Fun Kindergarten Math Lessons!,"https://www.patreon.com/homeschoolpop Kindergarten fun, here we come! Join me on this exciting math adventure for ...",1,https://youtube.com/watch?v=j_gXbum8EH0
YJZCadaXjrU,How to Actually Get Better at Math,How to Actually Get Better at Math Many students find it hard to understand mathematics because they were taught to memorize ...,1,https://youtube.com/watch?v=YJZCadaXjrU
GXFKlH3fJBU,Kwai Funny tiktok : Funny Videos 2025 Chinese Funny Video - Most View Chinese Funny Video,Kwai Funny tiktok : Funny Videos 2024 Chinese Funny Video - Most View Chinese Funny Video#funnychina #funnychinese # ...,0,https://youtube.com/watch?v=GXFKlH3fJBU
TnWJMLoovRE,Ranking Funny Chinese Videos üá®üá≥üòÇ Pt.9,Ranking funny Chinese videos. This girl stepped on the man's cigarette so they had a funny encounter. Other clips feature funny ...,0,https://youtube.com/watch?v=TnWJMLoovRE
gpLET-NBHng,Haathü´±Dhona Nahi Haiüßºü§£#shorts #comedy #funny #olidavines,"Guys if you Love Naukrani, Sanki Malik, Kanjoos Videos and Many More funny Contents please SUBSCRIBE LIKE and ...",0,https://youtube.com/watch?v=gpLET-NBHng
aTgPefqZESg,Crazy epic fails üòÇüòÇüòÇ| EP 59  #shorts #memes #fails #funnymoments,,0,https://youtube.com/watch?v=aTgPefqZESg
EFtHreTNDoA,BIGGEST FEAR IN SCHOOL #shorts #explore #school #friends #memories #funny #comedy  #nostalgia #fun,,0,https://youtube.com/watch?v=EFtHreTNDoA
TRjKb466eyE,Funny Spider Man Falling üòÇüòÇ,spiderman #drawingmeme #gta #funny #shorts.,0,https://youtube.com/watch?v=TRjKb466eyE
W1FXk632mKE,Epic Funny Video üòÇüòÇüòÇ #shorts #viralshorts #comedy #funnymoments #fails #humor,Epic Funny Video #shorts #viralshorts #comedy #funnymoments #fails #humor . . #funnyvideos #funnyanimalvideos ...,0,https://youtube.com/watch?v=W1FXk632mKE
KTkJEoJBzCo,Funny video death faceüíÄüíÄüòÇ,,0,https://youtube.com/watch?v=KTkJEoJBzCo
xJGr1Z7oqZk,Funny vairal tending video ü§£üòúü§£üòú#comedyvideos #viralvideos #funnyclips #funnyvideos,Funny vairal tending video #comedyvideos #viralvideos #funnyclips #funnyvideos.,0,https://youtube.com/watch?v=xJGr1Z7oqZk
DiPO4e8wwGE,cute billi ne pad  Diya ü§£#funnyvideos #toucan #monkey #viral #video #funny #cute #shorts,,0,https://youtube.com/watch?v=DiPO4e8wwGE
96DmtEn4vco,Wait for End ü§™ü§óü§£üòÇ #shorts #funny #funnyvideos #viralshorts,Wait for End #shorts #funny #funnyvideos #viralshorts.,0,https://youtube.com/watch?v=96DmtEn4vco
iP6xr_WFha0,excellent end Twist‚ù§Ô∏èFunny videos #shorts #youtubeshorts #klshobasureshani,Shorts #youtubeshorts #trending #viral #klshobasureshani #funny #couplegoals #comedy #shortsfeed #foryou ...,0,https://youtube.com/watch?v=iP6xr_WFha0
nNgnO7TmAHw,Best of 2025: Cute And Hilarious Baby Moments  - Funny Babies Video || COOL PEACHYüçë,Video: Best of 2025: Cute And Hilarious Baby Moments - Funny Babies Video || COOL PEACHY   ‚ñª Link video: ...,0,https://youtube.com/watch?v=nNgnO7TmAHw
i3_mHGlUgoo,The End üòÇüòÇ |Indian family #shorts #indian #chotabhai #school,The End |Indian family #shorts #indian #chotabhai #school.,0,https://youtube.com/watch?v=i3_mHGlUgoo
bw484InCsUc,"‡§Ø‡§π‡•Ä ‡§¶‡•á‡§ñ‡§®‡§æ ‡§¨‡§æ‡§ï‡•Ä ‡§∞‡§π ‡§ó‡§Ø‡§æ ‡§•‡§æ,‡§ú‡§ø‡§Ç‡§¶‡§ó‡•Ä ‡§Æ‡•á‡§ÇüòÇü§£|Funny videos, Try Not to Laugh | Funny Fails Compilation","‡§Ø‡§π‡•Ä ‡§¶‡•á‡§ñ‡§®‡§æ ‡§¨‡§æ‡§ï‡•Ä ‡§∞‡§π ‡§ó‡§Ø‡§æ ‡§•‡§æ,‡§ú‡§ø‡§Ç‡§¶‡§ó‡•Ä ‡§Æ‡•á‡§Ç    |Funny videos, Try Not to Laugh | Funny Fails Compilation ...",0,https://youtube.com/watch?v=bw484InCsUc
NEB2spXBSJ8,Try NOT to Laugh Challenge! Top 6 Funniest Videos Episode 6 üòÇ#funnyvideos #funny,,0,https://youtube.com/watch?v=NEB2spXBSJ8
Tg-fX8iQPog,Funny video.üò® || by Chandan sah tutorials.,,0,https://youtube.com/watch?v=Tg-fX8iQPog
9VN6xUjXdo8,MY MORNING ROUTINE #shorts #school #trending #morning #nostalgia #comedy #explore #funny #schoollife,,0,https://youtube.com/watch?v=9VN6xUjXdo8
qcoQZqRxNfY,junya1gou funny video üòÇüòÇüòÇ,Thank You for watching my video. Please hit the Like and Share button Official Facebook Page.,0,https://youtube.com/watch?v=qcoQZqRxNfY
pRpm-qBOv9g,Ranking Top 5 Funniest Labubu Videos!,,0,https://youtube.com/watch?v=pRpm-qBOv9g
V-qMtzF-7WI,Papa ko sab pta haiüòÇ #comedy #funny #funnyvideo #youtubeshorts #youtubeshort,,0,https://youtube.com/watch?v=V-qMtzF-7WI
Jo_Gs6Hns0A,Crazy Funny Fails üòÇüòÇ #shorts #memes #fails #funnymoments,"Crazy Funny Fails #shorts #memes #fails #funnymoments #viralshorts #comedy #funnymoments, Epic Fails shorts . . fail, ...",0,https://youtube.com/watch?v=Jo_Gs6Hns0A
MIZGrsT5f1M,New top funny video üòÖ #shorts #comedy #funny #reels,"New top funny video #shorts #comedy #funny #reels New top funny video, basir sk, funny, comedy, cartoon, jcb, tiktok, shorts, ...",0,https://youtube.com/watch?v=MIZGrsT5f1M
sLR-1sZqROo,Try Not To Laugh üòÖ Funny Video from BoxtoxTv üòÅ,,0,https://youtube.com/watch?v=sLR-1sZqROo
NuBEQZzSruI,Crazy Funniest Videos Ever In The World üòÜ TRY NOT TO LAUGH,Crazy Funniest Videos Ever In The World TRY NOT TO LAUGH Link video: https://youtu.be/NuBEQZzSruI Subscribe: ...,0,https://youtube.com/watch?v=NuBEQZzSruI
_-MqPiWPp9E,Ranking the Funniest Blanket Dance Challenge Fails üíÉü§£ #funny,Blanket Dance Challenge Fails Part 2 #funnyvideos #maxiranks #dancechallenge.,0,https://youtube.com/watch?v=_-MqPiWPp9E
ukLJ3HP2ZVE,Top 3 Funniest FNAF Moments üò≠üíî. The first made my jaw drop üò≠,These Top 3 Funniest FNAF Moments had me wheezing ‚Äîfrom jumpscares gone wrong to pure panic mode energy .,0,https://youtube.com/watch?v=ukLJ3HP2ZVE
-f7kEeNexAs,"Funniest Fun Top New Comedy Video 2025ü§£Amazing best of funny video, Episode 237,By Fun Tv 24",ourfuntv #comedy #comedyvideo #comedyshorts #funny #funnyvideo #funnyshorts #tuituifunny #hasirvideo # Funniest Fun Top ...,0,https://youtube.com/watch?v=-f7kEeNexAs
_pFPd2Gdzz8,happy Diwali in advance // new comedy funny video // #trending #comedy #viralvideo #funnyvideo #yt,ShivamComedy #BhojpuriComedy #ComedyWithAttitude #ShivamKaFun #HasiKaTadka #ViralShorts #TrendingNow ...,0,https://youtube.com/watch?v=_pFPd2Gdzz8
DEdHAWH33nk,Wait for the end üòÇ #shorts #funny #video #subscribe,,0,https://youtube.com/watch?v=DEdHAWH33nk
VzK5FiJm7zw,NEW BEST FUNNY VIDEOS Jacksinfo Try Not Laugh Challenge Compilation Part 15 üòÖ,NEW BEST FUNNY VIDEOS Jacksinfo Try Not Laugh Challenge Compilation Part 15.,0,https://youtube.com/watch?v=VzK5FiJm7zw
N2OhLuYd7TE,TRY NOT TO LAUGH üòÜ Best Funny Videos Compilation üòÇüòÅüòÜ Memes PART 45,"ŸÖÿ±ÿ≠ÿ®Ÿãÿß ÿ®ŸÉŸÖ ŸÅŸä ""ÿ∂ÿ≠ŸÉ ÿ®ÿ¥ÿ±Ÿä""ÿå ÿ≠Ÿäÿ´ ÿ™ÿ¨ÿØŸàŸÜ ÿ£ŸÉÿ´ÿ± ÿßŸÑŸÑÿ≠ÿ∏ÿßÿ™ ÿ∑ÿ±ÿßŸÅÿ© ŸàÿßŸÑŸÖŸàÿßŸÇŸÅ ÿßŸÑŸÉŸàŸÖŸäÿØŸäÿ© ÿßŸÑÿ™Ÿä ÿ™ÿ¨ŸÖÿπ ÿ®ŸäŸÜ ÿßŸÑÿ•ŸÜÿ≥ÿßŸÜŸäÿ© ŸàÿßŸÑŸÅŸÉÿßŸáÿ©. ŸÜŸÇÿØŸÖ ŸÑŸÉŸÖ ŸÖÿ¨ŸÖŸàÿπÿ© ...",0,https://youtube.com/watch?v=N2OhLuYd7TE
SyM9Pb5WlsI,aisa mat Karo meri jaan üòÇ|comedy video #funnyvideo #comedy #meme #shorts #viral,"aisa mat Karo meri jaan |comedy video #funnyvideo #comedy #meme #shorts #viral . . . . bhai bahan funny video , bhai bahan ...",0,https://youtube.com/watch?v=SyM9Pb5WlsI
aXC2EaXn_tk,Yes ma‚Äôam !! #rjkarishma #shorts,,0,https://youtube.com/watch?v=aXC2EaXn_tk
Lund8sA-hKI,When you raise a golden retriever #funnyvideos #pet #funny #shortsfeed,When you raise a golden retriever #funnyvideos #pet #funny #shortsfeed.,0,https://youtube.com/watch?v=Lund8sA-hKI
Gzjz2ndVQQk,Crazy wife‚ù§Ô∏èfunny videos #shorts #youtubeshorts #klshobasureshani,Shorts #youtubeshorts #trending #viral #klshobasureshani #funny #couplegoals #comedy #shortsfeed #foryou ...,0,https://youtube.com/watch?v=Gzjz2ndVQQk
xgtO-xjkV90,Oh my Friend-5 ü§£üòÇ || Allari Aarathi Videos || Comedy Videos #trending #funny #friends,friendship #crazyfriends #shorts #trendingshorts #comedy #funny #fun Thanks to all audience and many others who made this ...,0,https://youtube.com/watch?v=xgtO-xjkV90
49IwaGNfgwU,Funnyü§£ü§£ prt21 #shorts #funny,The end 21    #shorts #shortvideo #funny #fails Funny moments Funny fails The end Shorts Short video #funnyfails #viralshort ...,0,https://youtube.com/watch?v=49IwaGNfgwU
sxmTTS4qros,Trying not to laugh! ü§£ü§£ (4k memes) #shorts.  click the blue Join button to support my animations,Join channel membership to access perks and also support my animations use this link ...,0,https://youtube.com/watch?v=sxmTTS4qros
bj5XNvrjgX4,RelatableüòÇ #funny #shorts #comedy #video #youtubeshorts,,0,https://youtube.com/watch?v=bj5XNvrjgX4
iC1cQxOkRqU,Paneer‚ùéthermocol‚úÖ #comedy #funny #funnyvideo #comedyvideo,,0,https://youtube.com/watch?v=iC1cQxOkRqU
rfvA9_KL9Q4,Ranking Sora Ai clips #ranking #sora #clip #cars #crash #funnyvideo #viralshorts,,0,https://youtube.com/watch?v=rfvA9_KL9Q4
CMzctRZQIo0,TRY NOT TO LAUGH üòÜ Best Funny Videos Compilation üòÇüòÅüòÜ Memes PART 2,Welcome to our latest video TRY NOT TO LAUGH Best Funny Videos Compilation Get ready for a non-stop laughter challenge ...,0,https://youtube.com/watch?v=CMzctRZQIo0
ABGsgYn5B9k,"‡§Ø‡§π‡•Ä ‡§∏‡§¨ ‡§§‡•ã ‡§¶‡•á‡§ñ‡§®‡§æ ‡§¨‡§æ‡§ï‡•Ä ‡§•‡§æ ‡§ú‡§ø‡§Ç‡§¶‡§ó‡•Ä ‡§Æ‡•á‡§Çü§£üòÇ |Funny videos, Try Not to Laugh | Funny Fails Compilation","‡§Ø‡§π‡•Ä ‡§∏‡§¨ ‡§§‡•ã ‡§¶‡•á‡§ñ‡§®‡§æ ‡§¨‡§æ‡§ï‡•Ä ‡§•‡§æ ‡§ú‡§ø‡§Ç‡§¶‡§ó‡•Ä ‡§Æ‡•á‡§Ç     |Funny videos, Try Not to Laugh | Funny Fails Compilation ...",0,https://youtube.com/watch?v=ABGsgYn5B9k
WtI9f7A4Iz4,Try Not to Laugh Challenge (IMPOSSIBLE) Laugh and You Lose! Part 16,"Don't forget to subscribe to LAUGH TRAPPED and hit the bell , you will be the first person watching LAUGH TRAPPED's ...",0,https://youtube.com/watch?v=WtI9f7A4Iz4
unWEZBJTwoM,cute tui üê¶üíû &amp; monkey üêí funny ü§£#funnyvideos #tui #monkey #viral #video #funny #cute #shorts,cute tui & monkey funny #funnyvideos #tui #monkey #viral #video #funny #cute #shorts.,0,https://youtube.com/watch?v=unWEZBJTwoM
Dx_Hc7m8n08,Ranking Funniest Jumpscare Moments üòÇ,Ranking Funniest Jumpscare Moments Credits: @sashabear23 (6) @stevenmckell (5) @anz2097 (2) @conemannyc (1) Can't ...,0,https://youtube.com/watch?v=Dx_Hc7m8n08
MrmFlBX3JU8,Ranking Top 5 Funny Grandma!,Ranking The Top 5 Funny Grandma! Funniest grandma moments with accurate commentary! Used emojis and explanation: 1.,0,https://youtube.com/watch?v=MrmFlBX3JU8
MR1bdFP0MXk,BEST TREND AGAIN üò±üò•üç¨üç≠ #funny #comedy #funnyvideo #memes #funnymoments #humor #shorts #viral #video,,0,https://youtube.com/watch?v=MR1bdFP0MXk
kqQaME_vOsg,Funny Monkey viral video..ü§£ü§£ü§£  #funny #comedy #trending #viral #shorts,Funny Monkey viral video..       #funny #comedy #trending #viral #shorts.,0,https://youtube.com/watch?v=kqQaME_vOsg
ko70cExuzZM,Taylor Swift - The Fate of Ophelia (Official Music Video),The official music video for ‚ÄúThe Fate of Ophelia‚Äù Stream/download 'The Life of a Showgirl': ...,0,https://youtube.com/watch?v=ko70cExuzZM
knGCfzm4jWs,Guru Randhawa - SIRRA ( Official Video ),WITHOUT PREJUDICE‚Äù Full Album available everywhere now. Spotify ...,0,https://youtube.com/watch?v=knGCfzm4jWs
aSugSGCC12I,Sabrina Carpenter - Manchild (Official Video),Stream ‚ÄúManchild‚Äù here: https://sabrinacarpenter.lnk.to/Manchild New merch available: ...,0,https://youtube.com/watch?v=aSugSGCC12I
co-TFLbaZAE,‚ÄúGabriela‚Äù Performance Video | KATSEYE,Gabriela‚Äù Performance Video Stream ‚ÄúGabriela‚Äù: https://KATSEYE.lnk.to/Gabriela Watch the 'Gabriela' Official Music Video: ...,0,https://youtube.com/watch?v=co-TFLbaZAE
ekr2nIex040,ROSEÃÅ &amp; Bruno Mars - APT. (Official Music Video),ROS√â & Bruno Mars - APT. Download/stream: https://rosesarerosie.lnk.to/APTID Order APT. single CD: ...,0,https://youtube.com/watch?v=ekr2nIex040
JSFG-IE8n_c,JENNIE - like JENNIE (Official Video),Official music video for ‚Äúlike JENNIE‚Äù from the album 'Ruby' out now: https://jennie.lnk.to/ruby Directed by HANBAGO (HAN ...,0,https://youtube.com/watch?v=JSFG-IE8n_c
kPa7bsKwL-c,"Lady Gaga, Bruno Mars - Die With A Smile (Official Music Video)","MAYHEM OUT NOW http://ladygaga.com Listen to ‚ÄúDie With A Smile‚Äù, song and video out now: ...",0,https://youtube.com/watch?v=kPa7bsKwL-c
KFMYx1TibeQ,Kehlani - Folded [Official Music Video],"Kehlani - Folded ""Folded"" out now! Stream/DL: https://Kehlani.lnk.to/FoldedID Subscribe for more official content from ...",0,https://youtube.com/watch?v=KFMYx1TibeQ
qiQGYNTrPI0,Jaliba Mo Jui || Prem Darshan || Pushpa || Humane Sagar || Odia Music Video || Enewsodia,"Aji Rati Gale Pahi Jaliba Mo Jui‚Äù is a heart-touching Odia sad song that reflects the pain of separation, unspoken feelings, and ...",0,https://youtube.com/watch?v=qiQGYNTrPI0
I11shv8iSTA,Nagin Dance - 8K/4K Music Video | Anmol Malik | Maryam Zakaria &amp; Scarlett Wilson | Bajatey Raho,"Get ready to groove with Nagin, the high-energy dance track from Bajatey Raho, sung by Anmol Malik and featuring Maryam ...",0,https://youtube.com/watch?v=I11shv8iSTA
ZIvNNe2FwHo,Sunn Zara - Official Video | JalRaj | Shivin Narang | Tejasswi Prakash | Anmol D | Naushad Khan,"Lovers who love selflessly know that it will never run out. With life as short as half taken breath, don't plant anything but love.",0,https://youtube.com/watch?v=ZIvNNe2FwHo
fLexgOxsZu0,Bruno Mars - The Lazy Song (Official Music Video),"The official music video for Bruno Mars' ""The Lazy Song"" from the album 'Doo-Wops and Hooligans''. Stream: ...",0,https://youtube.com/watch?v=fLexgOxsZu0
xV6fcBFfmYA,New Chicken Song üêî(Dj Remix) #chicken #song,,0,https://youtube.com/watch?v=xV6fcBFfmYA
20PlxmdUU6E,‚ÄúGolden‚Äù From the KPop Demon Hunters Movie Fun Squad Music Video Cover | Fun Squad,"Kalia sings and performs Golden from KPop Demon Hunters movie! With Kalia as Rumi, with Zoe and Mira by her side, Huntrix ...",0,https://youtube.com/watch?v=20PlxmdUU6E
M8vcWjlN6OQ,Omega 256 X Cindy Sanyu - See You Tonight (Official Video),Follow & Connect with Omega 256: Facebook: https://www.facebook.com/iamomega256 Instagram: ...,0,https://youtube.com/watch?v=M8vcWjlN6OQ
LUjn3RpkcKY,Justin Bieber - Mistletoe (Official Music Video),"Official music video for ""Mistletoe"" by Justin Bieber. REMASTERED IN HD! UP TO 4K!! 'Under The Mistletoe' now on vinyl: ...",0,https://youtube.com/watch?v=LUjn3RpkcKY
34Npuna1nDo,Ladki Deewani (Music Video): Neelkamal Singh | Sunny Leone | R Jay Kang | Ashutosh | T-Series,Ladki Deewani (Music Video): Neelkamal Singh | Sunny Leone | R Jay Kang | Ashutosh | T-Series.,0,https://youtube.com/watch?v=34Npuna1nDo
sgsaxKnZ1sY,"Chronic Law, Skillibeng - No Check (Official Music Video)","Official Music Video for ""No Check"" by Chronic Law & Skillibeng Download/Stream: ...",0,https://youtube.com/watch?v=sgsaxKnZ1sY
09R8_2nJtjg,Maroon 5 - Sugar (Official Music Video),Buy Sugar on iTunes: http://smarturl.it/M5V Sign up for updates: http://smarturl.it/Maroon5.News Catch Maroon 5 on tour all year ...,0,https://youtube.com/watch?v=09R8_2nJtjg
A8Um5kv0sg8,Announce kar diya!üíú#youtubeshorts #dance #shorts #shortvideo #song #love #trending #video #trend,,0,https://youtube.com/watch?v=A8Um5kv0sg8
aYkwaAvg7zY,Guddhist Gunatita - SULITIN (Official Music Video) prod. by Luna,Kasi ganyan lang ang buhay wag ma-inipin kung ano ang parating wag masyadong isipin may mangyari mang mali wala ka ...,0,https://youtube.com/watch?v=aYkwaAvg7zY
YQHsXMglC9A,Adele - Hello (Official Music Video),"Listen to ""Easy On Me"" here: http://Adele.lnk.to/EOM Pre-order Adele's new album ""30"" before its release on November 19: ...",0,https://youtube.com/watch?v=YQHsXMglC9A
756YdTT-WJ0,"Goon Flavour, Master KG &amp; Eemoh - Ngishutheni (Official Music Video)","Out now: http://africori.to/ngishutheni Subscribe: @wanitwamos Get ready for the ultimate summer anthem! ""Ngishutheni"" is the ...",0,https://youtube.com/watch?v=756YdTT-WJ0
Oa_RSwwpPaA,Benson Boone - Beautiful Things (Official Music Video),Benson Boone - Beautiful Things (Official Music Video) 'American Heart' the second album from Benson Boone ‚Äì out now: ...,0,https://youtube.com/watch?v=Oa_RSwwpPaA
At8v_Yc044Y,KSI - Thick Of It (feat. Trippie Redd) [Official Music Video],KSI - Thick Of It (feat. Trippie Redd) [Official Music Video] Listen Now: https://lnk.to/Thickofit_Low Follow KSI Instagram: ...,0,https://youtube.com/watch?v=At8v_Yc044Y
Ct3sPsY6ozU,Manasilayoo‚ù§Ô∏è #love #tamil #song #tamilsong #music #anirudh #sathyasabarish,,0,https://youtube.com/watch?v=Ct3sPsY6ozU
hwUixddbmrQ,Morgan Wallen - I Got Better (Official Music Video),"Listen to Morgan Wallen's new album, ‚ÄúI'm The Problem‚Äù here: https://morganwallen.lnk.to/ImTheProblemAlbum Stay connected ...",0,https://youtube.com/watch?v=hwUixddbmrQ
XCjU9qbfv1U,Davido - With You (Official Video) ft. Omah Lay,Davido - With You ft. Omah Lay (Official Music Video) Listen to the new album '5IVE' Here : https://Davido.lnk.to/5iveAY ...,0,https://youtube.com/watch?v=XCjU9qbfv1U
CNbmVEEW-mA,NOAH - Yang Terdalam (Official Music Video),NOAH - Yang Terdalam (Official Music Video) NOAH me-remake salah satu video klipnya berjudul ‚ÄúYang Terdalam‚Äù. Video klip ini ...,0,https://youtube.com/watch?v=CNbmVEEW-mA
Z4b2mV608zQ,Cute baby laugh with cat#cute#cutebaby #song #video #cute #youtube,,0,https://youtube.com/watch?v=Z4b2mV608zQ
Sy3f35o_TlQ,"KAROL G ft. Marco Antonio Solis - Coleccionando Heridas (Music Video) Dany Deglein, dennis fernando","KAROL G ft. Marco Antonio Solis - Coleccionando Heridas (Music Video) remix latina Dany deglein, denis fernando, iskander y ...",0,https://youtube.com/watch?v=Sy3f35o_TlQ
pyUOSaQZmxw,Tame Impala - My Old Ways (Official Video),"Official video for ‚ÄúMy Old Ways‚Äù by Tame Impala Deadbeat out now: https://tameimpala.lnk.to/deadbeat Directed, shot, and edited ...",0,https://youtube.com/watch?v=pyUOSaQZmxw
eOAEpMOo-pA,Skusta Clee - Kalimutan Ka (Official Music Video),,0,https://youtube.com/watch?v=eOAEpMOo-pA
xCC_GQaErDA,Top trending no.1 YouTube video #top #trending #youtube #video #song #viralvideo,Top trending no.1 YouTube video #top #trending #youtube #video #song #viralvideo.,0,https://youtube.com/watch?v=xCC_GQaErDA
Dll6VJ2C7wo,"RAYE, 070 Shake - Escapism. (Official Music Video)","Debut album 'My 21st Century Blues' feat. 'Escapism', 'Hard Out Here' & 'The Thrill Is Gone' available now. Listen/Buy: ...",0,https://youtube.com/watch?v=Dll6VJ2C7wo
rhMSDxr4q1U,"Shebeshxt , Naqua SA , Zee Nxumalo, Slidoo Man - Rato Laka ( Official Video)",Follow Shebeshxt & Naqua SA: [Facebook]: https://www.facebook.com/share/1Cyy3YmjwN/?mibextid=wwXIfr [Instagram] ...,0,https://youtube.com/watch?v=rhMSDxr4q1U
CcS1fsuT10M,Multo - Cup of Joe (Official Music Video),"""Multo"" ‚Äî the ghost of what was, the echo of what could have been. Starring Elijah Canlas and Miles Ocampo, this visual ...",0,https://youtube.com/watch?v=CcS1fsuT10M
siaLuy0eO0g,Pittal song|Pittal : Ps Polist|New Haryanvi songs 2023|Trending song|Viral Video#viral #shorts #fyp,Pittal Song Pittal Haryanvi song PS Polist New Haryanvi Song New Haryanvi Song 2023 Trending Haryanvi song 2023 Latest ...,0,https://youtube.com/watch?v=siaLuy0eO0g
Mx0mzzKeMPM,"Official Music Video! New Song! *Emotional* Get Up, Get Out!","New Original Music Video! Get Up, Get Out! We hope you enjoy it! Here are the lyrics so you can Sing along with us! Song (Get Up ...",0,https://youtube.com/watch?v=Mx0mzzKeMPM
cD5ZPsyXl3U,Roody Roodboy -Apiye feat. Zile,roodyroodboy #Apiye #GBME #gwoboutmizikempire #zile Roody Roodboy - Apiye feat. Zile Credits: Writer: Roody Roodboy ...,0,https://youtube.com/watch?v=cD5ZPsyXl3U
oOBuCYZM0Mw,Razzi Bolja ‚ù§Ô∏è| #shorts |#viralvideo |#trending |#song,,0,https://youtube.com/watch?v=oOBuCYZM0Mw
iFmNWm60bjA,Madison Beer - yes baby (Official Music Video),"Madison Beer - yes baby (Official Music Video) ""yes baby"" available at: https://madisonbeer.lnk.to/yesbaby Follow Madison: ...",0,https://youtube.com/watch?v=iFmNWm60bjA
LvVe-jfZFQg,CUTE LOVE STORYüòò LOVELY SONGü•∞ 4K STATUS VIDEO ‚ú® #viralvideo #love #bts #tiktok,CUTE LOVE STORY   LOVELY SONG   4K STATUS VIDEO ‚ú® #viralvideo #love #bts #tiktok.,0,https://youtube.com/watch?v=LvVe-jfZFQg
hC4IW0MI8Hs,December Avenue - Bulong (OFFICIAL MUSIC VIDEO),"The official music video for ""Bulong"" by December Avenue. PRODUCED BY: DECEMBER AVENUE, 8TH STREET CINEMA, ...",0,https://youtube.com/watch?v=hC4IW0MI8Hs
xiZUf98A1Ts,Tyla - CHANEL (Official Music Video),"Tyla - CHANEL (Official Music Video) ""CHANEL"" available at: https://tyla.lnk.to/CHANEL Follow Tyla: https://instagram.com/tyla ...",0,https://youtube.com/watch?v=xiZUf98A1Ts
y4lbxocj0Cg,Vybz Kartel - God Is The Greatest (Official Music Video),"Official Music Video for ""God Is The Greatest"" by Vybz Kartel off the Viking (Vybz Is King) 10th Year Anniversary release Produced ...",0,https://youtube.com/watch?v=y4lbxocj0Cg
3f2oBiKDy5s,yk trending video #kannada #reels #love #song,,0,https://youtube.com/watch?v=3f2oBiKDy5s
Njo9vvMbNcU,Iera Milpan - Retak Hatiku (Official Music Video),IeraMilpan #RetakHatiku #MusicVideo Karaoke : https://youtu.be/-43LSUMTOZg?si=TcpD5-9PY9QdxtW0 Iera Milpan kini muncul ...,0,https://youtube.com/watch?v=Njo9vvMbNcU
9MmT13mCLOE,December Avenue - Saksi Ang Langit (OFFICIAL MUSIC VIDEO),Para sa mga taong unang pumili sa'tin. ------ #Lyrics Mangangarap lang Habang ika'y pinagmamasdan Nagbibilang ng iyong ...,0,https://youtube.com/watch?v=9MmT13mCLOE
pXRviuL6vMY,twenty one pilots: Stressed Out [OFFICIAL VIDEO],"twenty one pilots' music video for 'Stressed Out' from the album, Blurryface - available now on Fueled By Ramen. Subscribe for ...",0,https://youtube.com/watch?v=pXRviuL6vMY
QtFBRmkKcJ4,Buying Bahubali Booyah Pass üò±Tonde Gamer ,Live Channel :- https://www.youtube.com/@TondeisLive02 X Link ( Twitter ) https://x.com/TondeGamer Instagram: ...,0,https://youtube.com/watch?v=QtFBRmkKcJ4
3A3wvTr5h4Y,Gaming Ôºû Sleep,,0,https://youtube.com/watch?v=3A3wvTr5h4Y
UBzEh2lQEMw,PAYAL Gaming ZIP Open Nahi Hai || PAYAL GAMING || S8UL || #shots #ytshots #trending,What if You Become A Girl Ft.Godlike Members #shorts #mizogaming #jonathangaming #lamborghini #bgmilive . PAYAL Gaming ...,0,https://youtube.com/watch?v=UBzEh2lQEMw
0hUTdC2RvpY,As Gaming Vs Ayush Bhandari In Free Fire Clash Squad Battle üòç - Garena Free Fire,As Gaming Vs Ayush Bhandari In Free Fire Clash Squad Battle - Garena Free Fire FOLLOW ME ON INSTAGRAM ...,0,https://youtube.com/watch?v=0hUTdC2RvpY
28VRuZ5F2wc,BRO FOUND A HACKüò±üíÄ #roblox #stealabrainrot,,0,https://youtube.com/watch?v=28VRuZ5F2wc
XZBh3itO7NM,Online Game Gone Wrong üéÆ #gaming  #fail,,0,https://youtube.com/watch?v=XZBh3itO7NM
oWpvD3aTdo8,This Is One Of The Best Horror Games This Year‚Ä¶,CaseOh X Starforge https://starforgepc.com/CaseOh GamerSupps -10% off Code CaseOh - https://gamersupps.gg/ Merch ...,0,https://youtube.com/watch?v=oWpvD3aTdo8
b39iKu-M3jw,Ladki Paglu Dost üòÇ @UnGraduateGamer  #freefire #gaming #shorts #sooneeta,Ladki Paglu Dost @UnGraduateGamer #freefire #gaming #shorts #sooneeta.,0,https://youtube.com/watch?v=b39iKu-M3jw
63e-EC9ud_o,Proof Games Are Getting WORSE üó£Ô∏è,,0,https://youtube.com/watch?v=63e-EC9ud_o
MxSog0rv5Lg,The Game of LifeüéÆ,"Welcome to the energetic and funny ISSEI Channel!! Please subscribe if you like this videos, and hit the Like button and Share!",0,https://youtube.com/watch?v=MxSog0rv5Lg
GYHUVVtE9xI,GTA 6 Will Start A Console War,LIKE AND SUBSCRIBE ‚ù§Ô∏è All Links https://beacons.ai/builtbygamers MERCH https://shop.builtbygamers.gg Become an ...,0,https://youtube.com/watch?v=GYHUVVtE9xI
Yld2TNWjGvY,Benefits Of Gaming üò±,facts #factaholic #factholic #factoholic.,0,https://youtube.com/watch?v=Yld2TNWjGvY
HJpBQYT7jnY,tv game play with Bittu gaming #gameplay #handcam #trendingvideo,tv game play with Bittu gaming #gameplay #handcam #trendingvideo.,0,https://youtube.com/watch?v=HJpBQYT7jnY
1KequSff-MQ,2025 GC League | Gauntlet Day 3 | WATCHPARTY WITH SNAX,"As you guys know the drill like, comment and subscribe. Instagram - https://www.instagram.com/snaxgaming/ Discord ...",0,https://youtube.com/watch?v=1KequSff-MQ
VX8CQSxoecU,"I BUILD $700,000 EXPENSIVE GAMING SHOP!ü§ë","FINALLY! After all the planning and building, I'm so excited to open the doors to my dream mall! This is Episode 1 of my Mall ...",0,https://youtube.com/watch?v=VX8CQSxoecU
z4xAwyOYIdM,Karma ‚ò†Ô∏èüòà #shorts #scary #granny #ytshorts #nostalgia,,0,https://youtube.com/watch?v=z4xAwyOYIdM
qI5NHLbKWdM,2025 GC League | Gauntlet Day 1 | WATCHPARTY WITH SNAX,"As you guys know the drill like, comment and subscribe. Instagram - https://www.instagram.com/snaxgaming/ Discord ...",0,https://youtube.com/watch?v=qI5NHLbKWdM
VQ2agGHyfss,HACKER OR WHAT | JONATHAN IS BACK!! | BGMI!,"Hey Guys, I'm Jonathan Amaral, better known as Jonathan Gaming, a professional BGMI esports athlete and streamer. Since the ...",0,https://youtube.com/watch?v=VQ2agGHyfss
R5cWETcH_lE,FreeFire üíÄ vs PUBG üòà vs Galaxy Z Fold 6 vs SAMSUNG S24 Ultra - GAMING TEST #freefire #pubg #shorts,,0,https://youtube.com/watch?v=R5cWETcH_lE
s1LNYigbT6Q,WHAT ARE INDIE HORROR GAMES DOING?! üíÄüò≠,,0,https://youtube.com/watch?v=s1LNYigbT6Q
mjaNqXqk-6c,When you have pink eye #comedy #funny #gamer #relatable #skit,,0,https://youtube.com/watch?v=mjaNqXqk-6c
f2dOKODKeQo,$100 Gaming Set Up,,0,https://youtube.com/watch?v=f2dOKODKeQo
FE74xJR-y-c,RUKO JARA OR VIDEO LAST TAK DHAKO OR BATAO VIDEO KAISE LAGI #tgrnrz #tondegamer #shortsfeed,,0,https://youtube.com/watch?v=FE74xJR-y-c
hZWNRBEdVpQ,Gaming As A Kid VS Now #Shorts,Gaming As A Kid VS Now #Shorts.,0,https://youtube.com/watch?v=hZWNRBEdVpQ
SndtCyADem0,Top 3 Funniest Horror Game Screams (Bro got a whistle voiceüò≠üíÖ) #horrorgame #horrorgameplay #funny,Top 3 Funniest Horror Game Screams     Get ready for some side-splitting screams! We're talking about the absolute Top 3 ...,0,https://youtube.com/watch?v=SndtCyADem0
R2W5PQL0Cr8,THEY CALLED ME HACKER 27 KILLS AC80 + M590 GAMEPLAY | GARENA FREE FIRE,THEY CALLED ME HACKER 27 KILLS AC80 + M590 GAMEPLAY GARENA FREE FIRE MAX Espe kardo 20k Comment: ...,0,https://youtube.com/watch?v=R2W5PQL0Cr8
QClfZNvauEg,MY EPIC GAMING SETUP IS USING TOO MUCH POWER ‚ö°Ô∏èüòÆ #gamingroom #gamingsetup #PS5 #gaming,,0,https://youtube.com/watch?v=QClfZNvauEg
AmxVAR2S7sY,POWER OF GAMING WATCH üòÅ,POWER OF GAMING WATCH ‚úì Your Queries #ytshorts #youtubeshorts #shorts #watch #freefire #Gaming #funnyvideo ...,0,https://youtube.com/watch?v=AmxVAR2S7sY
PvpWKeizo6Y,fully legal kill in Hitman #hitman3 #aspecticor #shorts #gaming,https://www.twitch.tv/aspecticor - I'm live 5PM Pacific Tuesday to Saturday Is this the most legal way to kill someone in hitman?,0,https://youtube.com/watch?v=PvpWKeizo6Y
za-keXnv-rE,BROKE vs ULTIMATE Gaming PC,GIGABYTE #AORUS #AMD #RADEON #gpu Checkout Gigabyte ...,0,https://youtube.com/watch?v=za-keXnv-rE
eMf_3A8_Ors,My Gaming Setup for Travel üéÆüì≤,"The perfect gaming setup for travel: All you need is a PS5 DualSense, a phone, and a mount. Just pair the controller via Bluetooth ...",0,https://youtube.com/watch?v=eMf_3A8_Ors
0o8ts_smbiI,Weird Things In This Game üò≠ | Plug &amp; Play Part 4 #gamingengineer,plug and Play Gameplay | Gaming Engineer khela khela.,0,https://youtube.com/watch?v=0o8ts_smbiI
6yYCeJvhk7I,Don&#39;t Get Crushed By 67 Gameplay in Tamil | GAMING WITH SHINCHAN,Don't Get Crushed By 67 Gameplay in Tamil | GAMING WITH SHINCHAN #roblox #gameplay #tamil #obby #escape #funnyobby ...,0,https://youtube.com/watch?v=6yYCeJvhk7I
UXZVdCf3BvY,BREAKING ALL 1000 BONES As a ProfessionalBoarder!,BREAKING ALL 1000 BONES As a Professional Boarder Extreme Skateboarding Challenge 2025 Subscribe to our Other ...,0,https://youtube.com/watch?v=UXZVdCf3BvY
QzN1QcAcb2E,Scam 2050 in Free Fire ü§ê #shorts #tondegamer,Instagram: https://www.instagram.com/tondeofficial/ Discord: https://discord.gg/e8g5SyDZ4z Facebook Page: ...,0,https://youtube.com/watch?v=QzN1QcAcb2E
OK1UEi7SOOQ,Total Gaming‚Äôs Biggest Mistake ü§Æ,How one mistake ruined Total Gaming's reputation. #Shorts #TotalGaming #Ajjubhai #GamingNews #FreeFire #FreeFireBan ...,0,https://youtube.com/watch?v=OK1UEi7SOOQ
8DggeG2pMU4,Age of Apes ads review new level: Monkey empire #gaming #gameape #games,Download: https://aoareview.com/,0,https://youtube.com/watch?v=8DggeG2pMU4
MeZtAS00AvA,Best gaming accessories? Xbox &amp; PlayStation,,0,https://youtube.com/watch?v=MeZtAS00AvA
cA_lGosfPzo,Fastest Kill World Record in Free Fire #shorts,AmitBhai Makes Fastest Kill World Record in Free Fire || Desi Gamers #shorts #FreeFireShorts Vlogging Channel ...,0,https://youtube.com/watch?v=cA_lGosfPzo
Xiq4OgZaKdE,Tonde Gamer Vs V Bagge Ghamandi Youtuberüò§#shorts #trending #freefiremax,freefire #attitude #uqat dikha dii #shorts #trending #riot ff #shortvideo #shortsfeed.,0,https://youtube.com/watch?v=Xiq4OgZaKdE
5xEyGWfviC0,KIND FREE FIRE PLAYERS  üòº#shorts #shortfeed #tondegamer #ajjubhai,,0,https://youtube.com/watch?v=5xEyGWfviC0
0PYjr_UwvkA,JANGAN BERSUARA #horrorgaming #gaming,,0,https://youtube.com/watch?v=0PYjr_UwvkA
nyKIYOKPx0s,Top 3 Ultra Funny Moments Of Techno Gamerzü§£ #shorts #elitedev,"techno gamerz funny moment,funny moment,techno gamerz funny moments,top 3 funny moment of techno gamerz,techno gamerz ...",0,https://youtube.com/watch?v=nyKIYOKPx0s
-4tesAWfZVk,Age of Apes ads review new level: Worms invade the body #games #gaming #gameape,,0,https://youtube.com/watch?v=-4tesAWfZVk
C7Ce6ji43vY,TINY GAME MACHINE ü§èüïπÔ∏è#shorts #youtubeshorts #cricket #unboxing #ball #arcade,VOTE FOR SPONGEBOB BALL ‚öæ Join this channel to get access to perks: ...,0,https://youtube.com/watch?v=C7Ce6ji43vY
nz7Tr7eC_9U,Just Seconds Time lo 6 Kills üî•üî•üí™ || @SRB_SCB_Is_Live || #freefire #funny #scb #freefiremax,freefire #funny #comedy #viralshorts.,0,https://youtube.com/watch?v=nz7Tr7eC_9U
qoc5HSDfAyc,Gaming setup vibes! #pcgaming #gamingsetup #pc #pcbuild #gamingsetup,,0,https://youtube.com/watch?v=qoc5HSDfAyc
vR_pJVjKlsE,GTA 6 Launch day Live scenes üî•ü§£ #gta6 #gaming,,0,https://youtube.com/watch?v=vR_pJVjKlsE
JE_cvR2bzzc,Scientist Ruins Game Night #2,Scientist Ruins Game Night #2 Buy here: https://www.vat19.com/item/pigs-on-trampolines-board-game #shorts #vat19 ...,0,https://youtube.com/watch?v=JE_cvR2bzzc
MjOLSnr3ZQI,Best play. ‚úÖ‚ò†Ô∏è subscribe pls #garenafreefire #freefire #battleroyalegame,,0,https://youtube.com/watch?v=MjOLSnr3ZQI
